NNQT_question,uid,subgraph,template_index,question,sparql_wikidata,sparql_dbpedia18,template,paraphrased_question,wikidata_translated,llama3_response,eval_manual,eval_llm,eval_bert,eval_bleu
What is the {periodical literature} for {mouthpiece} of {Delta Air Lines},19719,simple question right,65,What periodical literature does Delta Air Lines use as a moutpiece?, select distinct ?obj where { wd:Q188920 wdt:P2813 ?obj . ?obj wdt:P31 wd:Q1002697 } ,select distinct ?obj where { ?statement <http://www.w3.org/1999/02/22-rdf-syntax-ns#subject> <http://wikidata.dbpedia.org/resource/Q188920> . ?statement <http://www.w3.org/1999/02/22-rdf-syntax-ns#predicate> <http://www.wikidata.org/entity/P2813> . ?statement <http://www.w3.org/1999/02/22-rdf-syntax-ns#object> ?obj . ?obj <http://www.wikidata.org/entity/P31> <http://wikidata.dbpedia.org/resource/Q1002697> } , <S P ?O ; ?O instanceOf Type>,What is Delta Air Line's periodical literature mouthpiece?, select distinct ?obj where { Delta Air Lines house publication ?obj . ?obj instance of periodical } ,What is the name of the magazine or newspaper published by Delta Air Lines?,1.0,0,0.86786216,6.830096904817037e-155
What is {child of} of {husband} of {Ranavalona I} ?,15554,left-subgraph,8,Who is the child of Ranavalona I's husband?,SELECT ?answer WHERE { wd:Q169794 wdt:P26 ?X . ?X wdt:P22 ?answer},SELECT ?answer WHERE { ?statement1 <http://www.w3.org/1999/02/22-rdf-syntax-ns#subject> <http://wikidata.dbpedia.org/resource/Q169794> . ?statement1 <http://www.w3.org/1999/02/22-rdf-syntax-ns#predicate> <http://www.wikidata.org/entity/P26>. ?statement1 <http://www.w3.org/1999/02/22-rdf-syntax-ns#object> ?X . ?statement2 <http://www.w3.org/1999/02/22-rdf-syntax-ns#subject> ?X. ?statement2 <http://www.w3.org/1999/02/22-rdf-syntax-ns#predicate> <http://www.wikidata.org/entity/P22> . ?statement2 <http://www.w3.org/1999/02/22-rdf-syntax-ns#object> ?answer . },C RCD xD . xD RDE ?E,What is the name of Ranavalona I's husband's child?,SELECT ?answer WHERE { Ranavalona I of Madagascar spouse ?X . ?X father ?answer},Who was the father of the spouse of Ranavalona I of Madagascar?,0.0,0,0.81110704,6.223629500679345e-155
Did {Jeff_Bridges} {occupation} {Lane Chandler} and {photographer} ?,974,boolean double one_hop right subgraph,474,Is it true Jeff_Bridges occupation Lane Chandler and photographer ?,ASK WHERE { wd:Q174843 wdt:P106 wd:Q1804811 . wd:Q174843 wdt:P106 wd:Q33231 }, ASK { ?statement1 <http://www.w3.org/1999/02/22-rdf-syntax-ns#subject> <http://wikidata.dbpedia.org/resource/Q174843> . ?statement1 <http://www.w3.org/1999/02/22-rdf-syntax-ns#predicate> <http://www.wikidata.org/entity/P106> . ?statement1 <http://www.w3.org/1999/02/22-rdf-syntax-ns#object> <http://wikidata.dbpedia.org/resource/Q1804811>. ?statement2 <http://www.w3.org/1999/02/22-rdf-syntax-ns#subject> <http://wikidata.dbpedia.org/resource/Q174843> . ?statement2 <http://www.w3.org/1999/02/22-rdf-syntax-ns#predicate> <http://www.wikidata.org/entity/P106> . ?statement2 <http://www.w3.org/1999/02/22-rdf-syntax-ns#object> <http://wikidata.dbpedia.org/resource/Q33231>. } ,Ask (ent-pred-obj1` . ent-pred-obj2),Are Jeff Bridges and Lane Chandler both photographers?,ASK WHERE { Jeff Bridges occupation Lane Chandler . Jeff Bridges occupation photographer },Is Lane Chandler an occupation or a profession of both Jeff Bridges?,0.0,0,0.7866048,6.887578243315168e-155
What is {prequel of} of {phase of matter} of {Galinstan} ?,15803,right-subgraph,33,What is the pre-requisite of phase matter of Galinstan?,SELECT ?answer WHERE { wd:Q675176 wdt:P515 ?X . ?X wdt:P156 ?answer},SELECT ?answer WHERE { ?statement1 <http://www.w3.org/1999/02/22-rdf-syntax-ns#subject> <http://wikidata.dbpedia.org/resource/Q675176> . ?statement1 <http://www.w3.org/1999/02/22-rdf-syntax-ns#predicate> <http://www.wikidata.org/entity/P515>. ?statement1 <http://www.w3.org/1999/02/22-rdf-syntax-ns#object> ?X . ?statement2 <http://www.w3.org/1999/02/22-rdf-syntax-ns#subject> ?X. ?statement2 <http://www.w3.org/1999/02/22-rdf-syntax-ns#predicate> <http://www.wikidata.org/entity/P156> . ?statement2 <http://www.w3.org/1999/02/22-rdf-syntax-ns#object> ?answer . },E REF xF . xF RFG ?G,What range are the papers at the Monique Genonceaux about?,SELECT ?answer WHERE { Galinstan phase of matter ?X . ?X followed by ?answer},What phase of matter is followed by Galinstan?,1.0,0,0.6587984,1.496190280503045e-231
Give me {cola} that starts with {'p'},24488,string matching simple contains word,631,which cola starts with the letter p,"SELECT DISTINCT ?sbj ?sbj_label WHERE { ?sbj wdt:P31 wd:Q134041 . ?sbj rdfs:label ?sbj_label . FILTER(STRSTARTS(lcase(?sbj_label), 'p')) . FILTER (lang(?sbj_label) = 'en') } LIMIT 25 ","SELECT DISTINCT ?sbj ?sbj_label { ?statement1 <http://www.w3.org/1999/02/22-rdf-syntax-ns#subject> ?sbj . ?statement1 <http://www.w3.org/1999/02/22-rdf-syntax-ns#predicate> <http://www.wikidata.org/entity/P31> . ?statement1 <http://www.w3.org/1999/02/22-rdf-syntax-ns#object> <http://wikidata.dbpedia.org/resource/Q134041>. ?sbj rdfs:label ?sbj_label . FILTER(STRSTARTS(lcase(?sbj_label), 'p')) . FILTER (lang(?sbj_label) = 'en') } LIMIT 25", <?S P O ; ?S instanceOf Type ; starts with character >,which cola begins with the letter p,"SELECT DISTINCT ?sbj ?sbj_label WHERE { ?sbj instance of cola . ?sbj rdfs:label ?sbj_label . FILTER(STRSTARTS(lcase(?sbj_label), 'p')) . FILTER (lang(?sbj_label) = 'en') } LIMIT 25 ",What are the cola drinks whose name starts with the letter P?,1.0,1,0.8054355,0.2241693350192229
Does the {right ascension} of the {Malin 1} {less than} {15.1398},18423,boolean with filter,441,Is the right ascension of malin 1 less than 15.1398?,ASK WHERE { wd:Q4180017 wdt:P6257 ?obj filter(?obj < 15.1398) } ,ASK { ?statement1 <http://www.w3.org/1999/02/22-rdf-syntax-ns#subject> <http://wikidata.dbpedia.org/resource/Q4180017> . ?statement1 <http://www.w3.org/1999/02/22-rdf-syntax-ns#predicate> <http://www.wikidata.org/entity/P6257>. ?statement1 <http://www.w3.org/1999/02/22-rdf-syntax-ns#object> ?obj. filter(?obj < 15.1398) },ASK ?sbj ?pred ?obj filter ?obj = num,Does malin 1 have a right ascension lower than 15.1398?,ASK WHERE { Malin 1 right ascension ?obj filter(?obj < 15.1398) } ,Is Malin 1's right ascension less than 15 hours and 8 minutes?,0.0,1,0.79902995,7.825799788115097e-155
What is the {discography} for {discography} of {Jerry Lee Lewis},21845,simple question right,2191,What is the complete list of records released by Jerry Lee Lewis?, select distinct ?obj where { wd:Q202729 wdt:P358 ?obj . ?obj wdt:P31 wd:Q273057 } ,select distinct ?obj where { ?statement <http://www.w3.org/1999/02/22-rdf-syntax-ns#subject> <http://wikidata.dbpedia.org/resource/Q202729> . ?statement <http://www.w3.org/1999/02/22-rdf-syntax-ns#predicate> <http://www.wikidata.org/entity/P358> . ?statement <http://www.w3.org/1999/02/22-rdf-syntax-ns#object> ?obj . ?obj <http://www.wikidata.org/entity/P31> <http://wikidata.dbpedia.org/resource/Q273057> } , <S P ?O ; ?O instanceOf Type>,What is the total list of records discharged by Jerry Lee Lewis?, select distinct ?obj where { Jerry Lee Lewis discography ?obj . ?obj instance of discography } ,What is one of the albums from Jerry Lee Lewis' discography?,1.0,0,0.8308168,7.827769691893959e-155
What is {prizewinner} of {sequel is} of {1885 Wimbledon Championships – Gentlemen's Singles} ?,14923,left-subgraph,20,Who won the prize at the sequel of the 1885 Wimbledon Championships- Gentlemen's Singles?,SELECT ?answer WHERE { wd:Q1356316 wdt:P156 ?X . ?X wdt:P1346 ?answer},SELECT ?answer WHERE { ?statement1 <http://www.w3.org/1999/02/22-rdf-syntax-ns#subject> <http://wikidata.dbpedia.org/resource/Q1356316> . ?statement1 <http://www.w3.org/1999/02/22-rdf-syntax-ns#predicate> <http://www.wikidata.org/entity/P156>. ?statement1 <http://www.w3.org/1999/02/22-rdf-syntax-ns#object> ?X . ?statement2 <http://www.w3.org/1999/02/22-rdf-syntax-ns#subject> ?X. ?statement2 <http://www.w3.org/1999/02/22-rdf-syntax-ns#predicate> <http://www.wikidata.org/entity/P1346> . ?statement2 <http://www.w3.org/1999/02/22-rdf-syntax-ns#object> ?answer . },C RCD xD . xD RDE ?E,Who won the prize at the spin-off of the 1885 Wimbledon Championships- Gentlemen's Singles?,SELECT ?answer WHERE { 1885 Wimbledon Championships – gentlemen's singles followed by ?X . ?X winner ?answer},Who won the men's singles title at the 1885 Wimbledon Championships?,1.0,1,0.8685359,4.794660593799901e-78
Does the {carbon footprint} of the {iPhone Xs Max} {equals} {106},18165,boolean with filter,183,Is it true that the carbon footprint of the iPhone X Max is 106?,ASK WHERE { wd:Q56599233 wdt:P5991 ?obj filter(?obj = 106) } ,ASK { ?statement1 <http://www.w3.org/1999/02/22-rdf-syntax-ns#subject> <http://wikidata.dbpedia.org/resource/Q56599233> . ?statement1 <http://www.w3.org/1999/02/22-rdf-syntax-ns#predicate> <http://www.wikidata.org/entity/P5991>. ?statement1 <http://www.w3.org/1999/02/22-rdf-syntax-ns#object> ?obj. filter(?obj = 106) },ASK ?sbj ?pred ?obj filter ?obj = num,Does the iPhone X Max have a carbon footprint of 106?,ASK WHERE { iPhone XS Max carbon footprint ?obj filter(?obj = 106) } ,Does the iPhone XS Max have a carbon footprint of 106?,1.0,0,0.9939645,0.7016879391277372
Give me {female beauty pageant} that {operating area} {all countries} and which contains the word {model} in their name,25156,string matching type + relation contains word,1095,Tell me the female beauty pageant that operates in all countries and contains the word model in it's name?,"SELECT DISTINCT ?sbj ?sbj_label WHERE { ?sbj wdt:P31 wd:Q58863414 . ?sbj wdt:P2541 wd:Q62900839 . ?sbj rdfs:label ?sbj_label . FILTER(CONTAINS(lcase(?sbj_label), 'model')) . FILTER (lang(?sbj_label) = 'en') } LIMIT 25 ","SELECT DISTINCT ?sbj ?sbj_label { ?statement1 <http://www.w3.org/1999/02/22-rdf-syntax-ns#subject> ?sbj . ?statement1 <http://www.w3.org/1999/02/22-rdf-syntax-ns#predicate> <http://www.wikidata.org/entity/P31> . ?statement1 <http://www.w3.org/1999/02/22-rdf-syntax-ns#object> <http://wikidata.dbpedia.org/resource/Q58863414>. ?statement2 <http://www.w3.org/1999/02/22-rdf-syntax-ns#subject> ?sbj . ?statement2 <http://www.w3.org/1999/02/22-rdf-syntax-ns#predicate> <http://www.wikidata.org/entity/P2541> . ?statement2 <http://www.w3.org/1999/02/22-rdf-syntax-ns#object> <http://wikidata.dbpedia.org/resource/Q62900839>. ?sbj rdfs:label ?sbj_label . FILTER(CONTAINS(lcase(?sbj_label), 'model')) . FILTER (lang(?sbj_label) = 'en') } LIMIT 25", <?S P O ; ?S instanceOf Type ; contains word >,Tell me the female splendor festival that operates in all countries and contains the phrase model in it is name?,"SELECT DISTINCT ?sbj ?sbj_label WHERE { ?sbj instance of female beauty pageant . ?sbj operating area all countries . ?sbj rdfs:label ?sbj_label . FILTER(CONTAINS(lcase(?sbj_label), 'model')) . FILTER (lang(?sbj_label) = 'en') } LIMIT 25 ","What are the names of international beauty pageants that have \""model\"" in their title and operate globally?",1.0,1,0.85811967,1.1927381921713824e-231
Did {Lindsey_Vonn} {participant of} {FIS Alpine World Ski Championships 1999} and {FIS Alpine World Ski Championships 2019} ?,519,boolean double one_hop right subgraph,19,Did Lindsey Vonn participate in the FIS Alpine World Ski Championships in 1999 and 2019?,ASK WHERE { wd:Q10068 wdt:P1344 wd:Q1428251 . wd:Q10068 wdt:P1344 wd:Q15263420 }, ASK { ?statement1 <http://www.w3.org/1999/02/22-rdf-syntax-ns#subject> <http://wikidata.dbpedia.org/resource/Q10068> . ?statement1 <http://www.w3.org/1999/02/22-rdf-syntax-ns#predicate> <http://www.wikidata.org/entity/P1344> . ?statement1 <http://www.w3.org/1999/02/22-rdf-syntax-ns#object> <http://wikidata.dbpedia.org/resource/Q1428251>. ?statement2 <http://www.w3.org/1999/02/22-rdf-syntax-ns#subject> <http://wikidata.dbpedia.org/resource/Q10068> . ?statement2 <http://www.w3.org/1999/02/22-rdf-syntax-ns#predicate> <http://www.wikidata.org/entity/P1344> . ?statement2 <http://www.w3.org/1999/02/22-rdf-syntax-ns#object> <http://wikidata.dbpedia.org/resource/Q15263420>. } ,Ask (ent-pred-obj1` . ent-pred-obj2),"In 1999 and 2019, was Lindsey Vonn in the FIS Alpine World Ski Championships?",ASK WHERE { Lindsey Vonn participant in FIS Alpine World Ski Championships 1999 . Lindsey Vonn participant in FIS Alpine World Ski Championships 2019 },Did Lindsey Vonn participate in both the 1999 and 2019 FIS Alpine World Ski Championships?,1.0,1,0.9188178,0.5410822690539396
What is {position held} of {Angela Merkel} that is {start time} is {1994-11-10} ?,3708,statement_property,153,"When position did Angela Merkel hold on November 10, 1994?","SELECT ?obj WHERE { wd:Q567 p:P39 ?s . ?s ps:P39 ?obj . ?s pq:P580 ?x filter(contains(YEAR(?x),'1994')) }","select distinct ?obj  where {
?statement <http://www.w3.org/1999/02/22-rdf-syntax-ns#subject> <http://wikidata.dbpedia.org/resource/Q567> .
?statement <http://www.w3.org/1999/02/22-rdf-syntax-ns#predicate> <http://www.wikidata.org/entity/P39> .
?statement <http://www.w3.org/1999/02/22-rdf-syntax-ns#object> ?obj .
?statement <http://www.wikidata.org/entity/P580> <1994-11-10>
} 
",(E pred F) prop ?value,"On November 10, 1994, what was Angela Merkel's role?","SELECT ?obj WHERE { Angela Merkel p:P39 ?s . ?s ps:P39 ?obj . ?s pq:P580 ?x filter(contains(YEAR(?x),'1994')) }",What was Angela Merkel's partner whom she married in 1994?,0.0,0,0.80615216,3.9652947999864016e-78
What is {population} of {Spokane} that is {point in time} is {2007-0-0} ?,7974,statement_property,4419,"On 0-0-2007, what is the populaton of Spokane?","SELECT ?obj WHERE { wd:Q187805 p:P1082 ?s . ?s ps:P1082 ?obj . ?s pq:P585 ?x filter(contains(YEAR(?x),'2007')) }","select distinct ?obj  where {
?statement <http://www.w3.org/1999/02/22-rdf-syntax-ns#subject> <http://wikidata.dbpedia.org/resource/Q187805> .
?statement <http://www.w3.org/1999/02/22-rdf-syntax-ns#predicate> <http://www.wikidata.org/entity/P1082> .
?statement <http://www.w3.org/1999/02/22-rdf-syntax-ns#object> ?obj .
?statement <http://www.wikidata.org/entity/P585> <2007-0-0>
} 
",(E pred F) prop ?value,What was the population of Spokane at the beginning of 2007?,"SELECT ?obj WHERE { Spokane p:P1082 ?s . ?s ps:P1082 ?obj . ?s pq:P585 ?x filter(contains(YEAR(?x),'2007')) }",What is the event that took place in Spokane in 2007?,0.0,0,0.7362205,6.887578243315168e-155
What is the {essential medicine} for {medical condition treated} of {leprosy},21093,simple question left,1439,What essential medicine is needed to treat leprosy?, select distinct ?sbj where { ?sbj wdt:P2175 wd:Q36956 . ?sbj wdt:P31 wd:Q35456 } ,select distinct ?subj where { ?statement <http://www.w3.org/1999/02/22-rdf-syntax-ns#subject> ?subj . ?statement <http://www.w3.org/1999/02/22-rdf-syntax-ns#predicate> <http://www.wikidata.org/entity/P2175> . ?statement <http://www.w3.org/1999/02/22-rdf-syntax-ns#object> <http://wikidata.dbpedia.org/resource/Q36956> . ?subj <http://www.wikidata.org/entity/P31> <http://wikidata.dbpedia.org/resource/Q35456> } ,<?S P O ; ?S InstanceOf Type>,What basic pharmaceutical is required to treat leprosy?, select distinct ?sbj where { ?sbj medical condition treated leprosy . ?sbj instance of essential medicine } ,What is the medicine that is used to treat leprosy?,1.0,0,0.9178155,4.38832006142665e-78
Did {Judi_Dench} {award received} {Tony Award for Best Direction of a Play} and {Praemium Imperiale} ?,712,boolean double one_hop right subgraph,212,Did Judi Densch receive a Tony Award for best direction of the play Premium Imperiale?,ASK WHERE { wd:Q28054 wdt:P166 wd:Q640374 . wd:Q28054 wdt:P166 wd:Q268670 }, ASK { ?statement1 <http://www.w3.org/1999/02/22-rdf-syntax-ns#subject> <http://wikidata.dbpedia.org/resource/Q28054> . ?statement1 <http://www.w3.org/1999/02/22-rdf-syntax-ns#predicate> <http://www.wikidata.org/entity/P166> . ?statement1 <http://www.w3.org/1999/02/22-rdf-syntax-ns#object> <http://wikidata.dbpedia.org/resource/Q640374>. ?statement2 <http://www.w3.org/1999/02/22-rdf-syntax-ns#subject> <http://wikidata.dbpedia.org/resource/Q28054> . ?statement2 <http://www.w3.org/1999/02/22-rdf-syntax-ns#predicate> <http://www.wikidata.org/entity/P166> . ?statement2 <http://www.w3.org/1999/02/22-rdf-syntax-ns#object> <http://wikidata.dbpedia.org/resource/Q268670>. } ,Ask (ent-pred-obj1` . ent-pred-obj2),Was the Tony Award for best direction of the play Premium Imperiale given to Judi Densch?,ASK WHERE { Judi Dench award received Tony Award for Best Direction of a Play . Judi Dench award received Praemium Imperiale },Has Judi Dench received both the Tony Award for Best Direction of a Play and the Praemium Imperiale?,1.0,0,0.88944227,0.164670298558459
what is the {pressure} for {copper} has {boiling point} as {4703.0} ?,6826,statement_property,3271,What is the boiling point of pressure copper as 4703.0?,"SELECT ?value WHERE { wd:Q753 p:P2102 ?s . ?s ps:P2102 ?x filter(contains(?x,'4703.0')) . ?s pq:P2077 ?value}","select distinct ?value  where {
?statement <http://www.w3.org/1999/02/22-rdf-syntax-ns#subject> <http://wikidata.dbpedia.org/resource/Q753> .
?statement <http://www.w3.org/1999/02/22-rdf-syntax-ns#predicate> <http://www.wikidata.org/entity/P2102> .
?statement <http://www.w3.org/1999/02/22-rdf-syntax-ns#object> <4703.0> .
?statement <http://www.wikidata.org/entity/P2077> ?value. 
} 
",(E pred ?Obj ) prop value,Copper as 4703.0 has a boiling boint of what?,"SELECT ?value WHERE { copper p:P2102 ?s . ?s ps:P2102 ?x filter(contains(?x,'4703.0')) . ?s pq:P2077 ?value}",What is the melting point of copper?,1.0,0,0.74691236,4.744822399347669e-78
What is the {record held} and the {named after} of {Marathon} ?,10143,two intentions right subgraph,431,After what is Marathon named and what is the current record?,SELECT ?ans_1 ?ans_2 WHERE { wd:Q40244 wdt:P1000 ?ans_1 . wd:Q40244 wdt:P138 ?ans_2 }, SELECT ?ans_1 ?ans_2 WHERE { ?statement1 <http://www.w3.org/1999/02/22-rdf-syntax-ns#subject> <http://wikidata.dbpedia.org/resource/Q40244> . ?statement1 <http://www.w3.org/1999/02/22-rdf-syntax-ns#predicate> <http://www.wikidata.org/entity/P1000> . ?statement1 <http://www.w3.org/1999/02/22-rdf-syntax-ns#object> ?ans_1. ?statement2 <http://www.w3.org/1999/02/22-rdf-syntax-ns#subject> <http://wikidata.dbpedia.org/resource/Q40244> . ?statement2 <http://www.w3.org/1999/02/22-rdf-syntax-ns#predicate> <http://www.wikidata.org/entity/P138> . ?statement2 <http://www.w3.org/1999/02/22-rdf-syntax-ns#object> ?ans_2. } ,select where (ent-pred-obj1 . ent-pred-obj2),why Marathon had this name and the current record is?,SELECT ?ans_1 ?ans_2 WHERE { marathon record held ?ans_1 . marathon named after ?ans_2 },Who holds the world marathon record and what is the name of the marathon?,1.0,0,0.8146281,0.1967497981115563
What is {played by} of {succeded by} of {Sleepwalking} ?,15164,left-subgraph,86,Who Sleepwalking succeeded in playing Sleepwalking?,SELECT ?answer WHERE { wd:Q7539946 wdt:P156 ?X . ?X wdt:P175 ?answer},SELECT ?answer WHERE { ?statement1 <http://www.w3.org/1999/02/22-rdf-syntax-ns#subject> <http://wikidata.dbpedia.org/resource/Q7539946> . ?statement1 <http://www.w3.org/1999/02/22-rdf-syntax-ns#predicate> <http://www.wikidata.org/entity/P156>. ?statement1 <http://www.w3.org/1999/02/22-rdf-syntax-ns#object> ?X . ?statement2 <http://www.w3.org/1999/02/22-rdf-syntax-ns#subject> ?X. ?statement2 <http://www.w3.org/1999/02/22-rdf-syntax-ns#predicate> <http://www.wikidata.org/entity/P175> . ?statement2 <http://www.w3.org/1999/02/22-rdf-syntax-ns#object> ?answer . },C RCD xD . xD RDE ?E,Who Sleepwalking succeeded in playing Sleepwalking?,SELECT ?answer WHERE { Sleepwalking followed by ?X . ?X performer ?answer},Who is the performer that follows sleepwalking?,1.0,0,0.8357021,1.1200407237786665e-231
What is {nominated for} of {Clifton Chenier} that is {point in time} is {1983-0-0} ?,7855,statement_property,4300,What did Clifton Chenier get nominated for in 1983-0-0?,"SELECT ?obj WHERE { wd:Q1101377 p:P1411 ?s . ?s ps:P1411 ?obj . ?s pq:P585 ?x filter(contains(YEAR(?x),'1983')) }","select distinct ?obj  where {
?statement <http://www.w3.org/1999/02/22-rdf-syntax-ns#subject> <http://wikidata.dbpedia.org/resource/Q1101377> .
?statement <http://www.w3.org/1999/02/22-rdf-syntax-ns#predicate> <http://www.wikidata.org/entity/P1411> .
?statement <http://www.w3.org/1999/02/22-rdf-syntax-ns#object> ?obj .
?statement <http://www.wikidata.org/entity/P585> <1983-0-0>
} 
",(E pred F) prop ?value,"In 1983, what nomination did Clifton Chenier receive?","SELECT ?obj WHERE { Clifton Chenier p:P1411 ?s . ?s ps:P1411 ?obj . ?s pq:P585 ?x filter(contains(YEAR(?x),'1983')) }","What is the date of death of Clifton Chenier, a musician who passed away in 1983?",0.0,0,0.7159364,1.1988328686372913e-231
What is the {Class IB flammable liquid} with the {MAX(lower flammable limit)} ?,2621,rank,197,Which Class IB flammable liquid has the least lower flammable limit?,select ?ent where { ?ent wdt:P31 wd:Q21009055 . ?ent wdt:P2202 ?obj } ORDER BY DESC(?obj)LIMIT 5 ,"select ?ent where {
?ent <http://www.wikidata.org/entity/P31> <http://wikidata.dbpedia.org/resource/Q21009055>.
?statement <http://www.w3.org/1999/02/22-rdf-syntax-ns#subject> ?ent .
?statement <http://www.w3.org/1999/02/22-rdf-syntax-ns#predicate> <http://www.wikidata.org/entity/P2202>.
?statement <http://www.w3.org/1999/02/22-rdf-syntax-ns#object> ?obj .}
ORDER BY DESC(?obj)
LIMIT 5","?E is_a Type, ?E pred Obj  value. MAX/MIN (value)",What flammable liquid has the least lower flammable limit in Class IB?,select ?ent where { ?ent instance of Class IB flammable liquid . ?ent lower flammable limit ?obj } ORDER BY DESC(?obj)LIMIT 5 ,"What are the five most highly flammable liquids that belong to Class I, listed in descending order by their Lower Flammable Limit?",1.0,0,0.8529244,1.2578972116573997e-231
What is the {material used} and the {approved by} of {Mojito} ?,10141,two intentions right subgraph,427,What is the material used and approved by Mojito?,SELECT ?ans_1 ?ans_2 WHERE { wd:Q487338 wdt:P186 ?ans_1 . wd:Q487338 wdt:P790 ?ans_2 }, SELECT ?ans_1 ?ans_2 WHERE { ?statement1 <http://www.w3.org/1999/02/22-rdf-syntax-ns#subject> <http://wikidata.dbpedia.org/resource/Q487338> . ?statement1 <http://www.w3.org/1999/02/22-rdf-syntax-ns#predicate> <http://www.wikidata.org/entity/P186> . ?statement1 <http://www.w3.org/1999/02/22-rdf-syntax-ns#object> ?ans_1. ?statement2 <http://www.w3.org/1999/02/22-rdf-syntax-ns#subject> <http://wikidata.dbpedia.org/resource/Q487338> . ?statement2 <http://www.w3.org/1999/02/22-rdf-syntax-ns#predicate> <http://www.wikidata.org/entity/P790> . ?statement2 <http://www.w3.org/1999/02/22-rdf-syntax-ns#object> ?ans_2. } ,select where (ent-pred-obj1 . ent-pred-obj2),What is the material used and accredited by means of Mojito?,SELECT ?ans_1 ?ans_2 WHERE { Mojito made from material ?ans_1 . Mojito approved by ?ans_2 },What is the main ingredient of Mojito and who is it approved by?,1.0,0,0.7934391,3.531848763573141e-78
What is the {history of a country or state} for {history of topic} of {Korea},19829,simple question right,175,Could you summarize Korea's history of this topic?, select distinct ?obj where { wd:Q18097 wdt:P2184 ?obj . ?obj wdt:P31 wd:Q17544377 } ,select distinct ?obj where { ?statement <http://www.w3.org/1999/02/22-rdf-syntax-ns#subject> <http://wikidata.dbpedia.org/resource/Q18097> . ?statement <http://www.w3.org/1999/02/22-rdf-syntax-ns#predicate> <http://www.wikidata.org/entity/P2184> . ?statement <http://www.w3.org/1999/02/22-rdf-syntax-ns#object> ?obj . ?obj <http://www.wikidata.org/entity/P31> <http://wikidata.dbpedia.org/resource/Q17544377> } , <S P ?O ; ?O instanceOf Type>,"In this topic, give a summary of Korea's history", select distinct ?obj where { Korea history of topic ?obj . ?obj instance of history of a country or state } ,What is the topic about the history of South Korea?,1.0,0,0.78824335,5.7592918561109494e-155
"What is {landscape of} of {Virgin of the rocks}, that has {birth city} is {Tzippori} ?",13981,right-subgraph,9,"""Which is {landscape of} of {Virgin of the rocks}, which has {birth city} is {Tzippori} ?""",SELECT ?answer WHERE { wd:Q269342 wdt:P180 ?answer . ?answer wdt:P19 wd:Q1132798},SELECT ?answer WHERE { ?statement1 <http://www.w3.org/1999/02/22-rdf-syntax-ns#subject> <http://wikidata.dbpedia.org/resource/Q269342> . ?statement1 <http://www.w3.org/1999/02/22-rdf-syntax-ns#predicate> <http://www.wikidata.org/entity/P180>. ?statement1 <http://www.w3.org/1999/02/22-rdf-syntax-ns#object> ?answer . ?statement2 <http://www.w3.org/1999/02/22-rdf-syntax-ns#subject> ?answer. ?statement2 <http://www.w3.org/1999/02/22-rdf-syntax-ns#predicate> <http://www.wikidata.org/entity/P19> . ?statement2 <http://www.w3.org/1999/02/22-rdf-syntax-ns#object> <http://wikidata.dbpedia.org/resource/Q1132798> . },E REF ?F . ?F RFG G,"""Which is {scene of} of {Virgin of the rocks}, which has {birth city} is {Tzippori} ?""",SELECT ?answer WHERE { Virgin of the Rocks depicts ?answer . ?answer place of birth Tzippori},"Who is the person born in Tzippori, depicted by the Virgin of the Rocks?",0.0,1,0.79467964,4.633323390290381e-155
Did {Kevin_Costner} {owner of} {Fielders Stadium}?,403,boolean one_hop right subgraph,403,Is Kevin Costner owner of Fielders Stadium?,ASK WHERE { wd:Q11930 wdt:P1830 wd:Q5447154 }, ASK { ?statement1 <http://www.w3.org/1999/02/22-rdf-syntax-ns#subject> <http://wikidata.dbpedia.org/resource/Q11930> . ?statement1 <http://www.w3.org/1999/02/22-rdf-syntax-ns#predicate> <http://www.wikidata.org/entity/P1830> . ?statement1 <http://www.w3.org/1999/02/22-rdf-syntax-ns#object> <http://wikidata.dbpedia.org/resource/Q5447154>. } ,Ask (ent-pred-obj),Is the Fielders Stadium owned by Kevin Costner?,ASK WHERE { Kevin Costner owner of Fielders Stadium },Does Kevin Costner own Fielder's Stadium?,1.0,0,0.92140114,7.100514228897259e-155
Give me {skill} that starts with {'s'},24611,string matching simple contains word,2614,What is a skill that starts with the letter s.,"SELECT DISTINCT ?sbj ?sbj_label WHERE { ?sbj wdt:P31 wd:Q205961 . ?sbj rdfs:label ?sbj_label . FILTER(STRSTARTS(lcase(?sbj_label), 's')) . FILTER (lang(?sbj_label) = 'en') } LIMIT 25 ","SELECT DISTINCT ?sbj ?sbj_label { ?statement1 <http://www.w3.org/1999/02/22-rdf-syntax-ns#subject> ?sbj . ?statement1 <http://www.w3.org/1999/02/22-rdf-syntax-ns#predicate> <http://www.wikidata.org/entity/P31> . ?statement1 <http://www.w3.org/1999/02/22-rdf-syntax-ns#object> <http://wikidata.dbpedia.org/resource/Q205961>. ?sbj rdfs:label ?sbj_label . FILTER(STRSTARTS(lcase(?sbj_label), 's')) . FILTER (lang(?sbj_label) = 'en') } LIMIT 25", <?S P O ; ?S instanceOf Type ; starts with character >,What could be a aptitude that begins with the letter s.,"SELECT DISTINCT ?sbj ?sbj_label WHERE { ?sbj instance of skill . ?sbj rdfs:label ?sbj_label . FILTER(STRSTARTS(lcase(?sbj_label), 's')) . FILTER (lang(?sbj_label) = 'en') } LIMIT 25 ",What are the skills that start with the letter S?,1.0,0,0.8770808,4.1927887725759647e-78
How many {from fictional universe} are for {Captain America} ?,1344,statement_property,344,How many dimensions have a Captain America?,SELECT (COUNT(?obj) AS ?value ) { wd:Q190679 wdt:P1080 ?obj },"SELECT (COUNT(?obj) AS ?objs ) {
?statement <http://www.w3.org/1999/02/22-rdf-syntax-ns#subject> <http://wikidata.dbpedia.org/resource/Q190679> .
?statement <http://www.w3.org/1999/02/22-rdf-syntax-ns#predicate> <http://www.wikidata.org/entity/P1080> .
?statement <http://www.w3.org/1999/02/22-rdf-syntax-ns#object> ?obj .
} 
",Count Obj (ent-pred-obj),Give me the dimensions of Captain America,SELECT (COUNT(?obj) AS ?value ) { Captain America from narrative universe ?obj },How many stories or narratives is Captain America featured in?,1.0,0,0.732598,8.14486865257726e-155
What is {award received} of {Danila Kozlovsky} that is {point in time} is {2017-0-0} ?,8396,statement_property,4841,What award did Danila Kozlovsky receive in 2017?,"SELECT ?obj WHERE { wd:Q3015088 p:P166 ?s . ?s ps:P166 ?obj . ?s pq:P585 ?x filter(contains(YEAR(?x),'2017')) }","select distinct ?obj  where {
?statement <http://www.w3.org/1999/02/22-rdf-syntax-ns#subject> <http://wikidata.dbpedia.org/resource/Q3015088> .
?statement <http://www.w3.org/1999/02/22-rdf-syntax-ns#predicate> <http://www.wikidata.org/entity/P166> .
?statement <http://www.w3.org/1999/02/22-rdf-syntax-ns#object> ?obj .
?statement <http://www.wikidata.org/entity/P585> <2017-0-0>
} 
",(E pred F) prop ?value,What award did Danila Kozlovsky get in 2017?,"SELECT ?obj WHERE { Danila Kozlovsky p:P166 ?s . ?s ps:P166 ?obj . ?s pq:P585 ?x filter(contains(YEAR(?x),'2017')) }",Who is the wife of Danila Kozlovsky who was born in 2017?,0.0,0,0.8066712,7.401184483348608e-155
What is {students} of {coined} of {Euler–Lagrange equation} ?,17797,right-subgraph,892,Who is the student that coined the Euler-Lagrange equation?,SELECT ?answer WHERE { wd:Q875744 wdt:P61 ?X . ?X wdt:P802 ?answer},SELECT ?answer WHERE { ?statement1 <http://www.w3.org/1999/02/22-rdf-syntax-ns#subject> <http://wikidata.dbpedia.org/resource/Q875744> . ?statement1 <http://www.w3.org/1999/02/22-rdf-syntax-ns#predicate> <http://www.wikidata.org/entity/P61>. ?statement1 <http://www.w3.org/1999/02/22-rdf-syntax-ns#object> ?X . ?statement2 <http://www.w3.org/1999/02/22-rdf-syntax-ns#subject> ?X. ?statement2 <http://www.w3.org/1999/02/22-rdf-syntax-ns#predicate> <http://www.wikidata.org/entity/P802> . ?statement2 <http://www.w3.org/1999/02/22-rdf-syntax-ns#object> ?answer . },E REF xF . xF RFG ?G,Who is the understudy that coined the Euler-Lagrange equation?,SELECT ?answer WHERE { Euler-Lagrange equation discoverer or inventor ?X . ?X student ?answer},Who was the student of the person who discovered or invented the Euler-Lagrange equation?,1.0,0,0.9293822,3.679942863094852e-78
Does the {minimal lethal dose} of the {benzene} {equals} {170000},18444,boolean with filter,462,Is the minimal lethal dose of the benzene equal to 170000?,ASK WHERE { wd:Q2270 wdt:P2300 ?obj filter(?obj = 170000) } ,ASK { ?statement1 <http://www.w3.org/1999/02/22-rdf-syntax-ns#subject> <http://wikidata.dbpedia.org/resource/Q2270> . ?statement1 <http://www.w3.org/1999/02/22-rdf-syntax-ns#predicate> <http://www.wikidata.org/entity/P2300>. ?statement1 <http://www.w3.org/1999/02/22-rdf-syntax-ns#object> ?obj. filter(?obj = 170000) },ASK ?sbj ?pred ?obj filter ?obj = num,Is the negligible deadly dosage of the benzene rise to to 170000?,ASK WHERE { benzene minimal lethal dose ?obj filter(?obj = 170000) } ,"Is the minimal lethal dose of benzene exactly 170,000?",1.0,0,0.8743823,0.4888290318657942
What is the {human} for {student of} of {Ivan Pavlov},20145,simple question right,491,Who is the person that was a student of Ivan Pavlov?, select distinct ?obj where { wd:Q42985 wdt:P1066 ?obj . ?obj wdt:P31 wd:Q5 } ,select distinct ?obj where { ?statement <http://www.w3.org/1999/02/22-rdf-syntax-ns#subject> <http://wikidata.dbpedia.org/resource/Q42985> . ?statement <http://www.w3.org/1999/02/22-rdf-syntax-ns#predicate> <http://www.wikidata.org/entity/P1066> . ?statement <http://www.w3.org/1999/02/22-rdf-syntax-ns#object> ?obj . ?obj <http://www.wikidata.org/entity/P31> <http://wikidata.dbpedia.org/resource/Q5> } , <S P ?O ; ?O instanceOf Type>,Who is the person Ivan Pavlov's student?, select distinct ?obj where { Ivan Pavlov student of ?obj . ?obj instance of human } ,Who was Ivan Pavlov's student?,1.0,1,0.8976095,6.686701276748014e-155
Does the {clock speed} of the {Watara Supervision} {less than} {3.2},18264,boolean with filter,282,is the clock speed of the Watara Supervision smaller than 3.2?,ASK WHERE { wd:Q732683 wdt:P2149 ?obj filter(?obj < 3.2) } ,ASK { ?statement1 <http://www.w3.org/1999/02/22-rdf-syntax-ns#subject> <http://wikidata.dbpedia.org/resource/Q732683> . ?statement1 <http://www.w3.org/1999/02/22-rdf-syntax-ns#predicate> <http://www.wikidata.org/entity/P2149>. ?statement1 <http://www.w3.org/1999/02/22-rdf-syntax-ns#object> ?obj. filter(?obj < 3.2) },ASK ?sbj ?pred ?obj filter ?obj = num,is the clock speed of the Watara Supervision littler than 3.2?,ASK WHERE { Watara Supervision clock frequency ?obj filter(?obj < 3.2) } ,Does Watara Supervision's clock frequency run slower than 3.2?,1.0,1,0.88104117,5.798881106377341e-155
What is the {sovereign state} for {diplomatic relation} of {African Union},19896,simple question right,242,What country is the current leader of the African Union ?, select distinct ?obj where { wd:Q7159 wdt:P530 ?obj . ?obj wdt:P31 wd:Q3624078 } ,select distinct ?obj where { ?statement <http://www.w3.org/1999/02/22-rdf-syntax-ns#subject> <http://wikidata.dbpedia.org/resource/Q7159> . ?statement <http://www.w3.org/1999/02/22-rdf-syntax-ns#predicate> <http://www.wikidata.org/entity/P530> . ?statement <http://www.w3.org/1999/02/22-rdf-syntax-ns#object> ?obj . ?obj <http://www.wikidata.org/entity/P31> <http://wikidata.dbpedia.org/resource/Q3624078> } , <S P ?O ; ?O instanceOf Type>,What country leads the African Union?, select distinct ?obj where { African Union diplomatic relation ?obj . ?obj instance of sovereign state } ,Which country has diplomatic relations with the African Union?,0.0,0,0.8257434,3.4712915060210917e-78
What is {works for} of {accused} of {Mariposa Folk Festival 1974} ?,16037,left-subgraph,22,Who works for the accused Mariposa Folk Festival 1974?,SELECT ?answer WHERE { wd:Q54554872 wdt:P710 ?X . ?X wdt:P108 ?answer},SELECT ?answer WHERE { ?statement1 <http://www.w3.org/1999/02/22-rdf-syntax-ns#subject> <http://wikidata.dbpedia.org/resource/Q54554872> . ?statement1 <http://www.w3.org/1999/02/22-rdf-syntax-ns#predicate> <http://www.wikidata.org/entity/P710>. ?statement1 <http://www.w3.org/1999/02/22-rdf-syntax-ns#object> ?X . ?statement2 <http://www.w3.org/1999/02/22-rdf-syntax-ns#subject> ?X. ?statement2 <http://www.w3.org/1999/02/22-rdf-syntax-ns#predicate> <http://www.wikidata.org/entity/P108> . ?statement2 <http://www.w3.org/1999/02/22-rdf-syntax-ns#object> ?answer . },C RCD xD . xD RDE ?E,The accused Mariposa Folk Festival in 1974 employed whom?,SELECT ?answer WHERE { Mariposa Folk Festival 1974 participant ?X . ?X employer ?answer},Who was the employer of someone who participated at the Mariposa Folk Festival in 1974?,0.0,1,0.8499228,0.1892240568795935
What is the {neighborhood} for {shares border with} of {Los Angeles},22651,simple question right,3712,, select distinct ?obj where { wd:Q65 wdt:P47 ?obj . ?obj wdt:P31 wd:Q123705 } ,select distinct ?obj where { ?statement <http://www.w3.org/1999/02/22-rdf-syntax-ns#subject> <http://wikidata.dbpedia.org/resource/Q65> . ?statement <http://www.w3.org/1999/02/22-rdf-syntax-ns#predicate> <http://www.wikidata.org/entity/P47> . ?statement <http://www.w3.org/1999/02/22-rdf-syntax-ns#object> ?obj . ?obj <http://www.wikidata.org/entity/P31> <http://wikidata.dbpedia.org/resource/Q123705> } , <S P ?O ; ?O instanceOf Type>,N / A N / A, select distinct ?obj where { Los Angeles shares border with ?obj . ?obj instance of neighborhood } ,What neighborhoods does Los Angeles share its borders with?,0.0,0,0.36496332,0.0
What is {sister city} of {born in} of {Zakhar Oskotsky} ?,15426,left-subgraph,29905,What sister city was born in of Zakhar Oskotsky?,SELECT ?answer WHERE { wd:Q4338004 wdt:P19 ?X . ?X wdt:P190 ?answer},SELECT ?answer WHERE { ?statement1 <http://www.w3.org/1999/02/22-rdf-syntax-ns#subject> <http://wikidata.dbpedia.org/resource/Q4338004> . ?statement1 <http://www.w3.org/1999/02/22-rdf-syntax-ns#predicate> <http://www.wikidata.org/entity/P19>. ?statement1 <http://www.w3.org/1999/02/22-rdf-syntax-ns#object> ?X . ?statement2 <http://www.w3.org/1999/02/22-rdf-syntax-ns#subject> ?X. ?statement2 <http://www.w3.org/1999/02/22-rdf-syntax-ns#predicate> <http://www.wikidata.org/entity/P190> . ?statement2 <http://www.w3.org/1999/02/22-rdf-syntax-ns#object> ?answer . },C RCD xD . xD RDE ?E,Which sister city in Zakhar Oskotsky was born?,SELECT ?answer WHERE { Zakhar Oskotsky place of birth ?X . ?X twinned administrative body ?answer},"In which city was Zakhar Oskotsky born, that is also the twin city of another location?",0.0,0,0.8683419,6.7393716283177006e-155
Give me {fantastique genre} that starts with {'s'},24275,string matching simple contains word,1045,Tell me the name of a fantastique genre that starts with the letter s.,"SELECT DISTINCT ?sbj ?sbj_label WHERE { ?sbj wdt:P31 wd:Q20076756 . ?sbj rdfs:label ?sbj_label . FILTER(STRSTARTS(lcase(?sbj_label), 's')) . FILTER (lang(?sbj_label) = 'en') } LIMIT 25 ","SELECT DISTINCT ?sbj ?sbj_label { ?statement1 <http://www.w3.org/1999/02/22-rdf-syntax-ns#subject> ?sbj . ?statement1 <http://www.w3.org/1999/02/22-rdf-syntax-ns#predicate> <http://www.wikidata.org/entity/P31> . ?statement1 <http://www.w3.org/1999/02/22-rdf-syntax-ns#object> <http://wikidata.dbpedia.org/resource/Q20076756>. ?sbj rdfs:label ?sbj_label . FILTER(STRSTARTS(lcase(?sbj_label), 's')) . FILTER (lang(?sbj_label) = 'en') } LIMIT 25", <?S P O ; ?S instanceOf Type ; starts with character >,Let me know the title of a fantastique sort that begins with the letter s.,"SELECT DISTINCT ?sbj ?sbj_label WHERE { ?sbj instance of speculative/fantastic fiction genre . ?sbj rdfs:label ?sbj_label . FILTER(STRSTARTS(lcase(?sbj_label), 's')) . FILTER (lang(?sbj_label) = 'en') } LIMIT 25 ",What are the science fiction genres that start with a letter S?,1.0,1,0.8362972,1.2390051155620428e-231
"What is {musical score by} of {Missa Solemnis}, that has {has mother} is {Maria Magdalena van Beethoven} ?",12032,right-subgraph,178,What is the musical score by Missa Solemnis that has mother Maria Magdalena van Beethoven?,SELECT ?answer WHERE { wd:Q723790 wdt:P86 ?answer . ?answer wdt:P25 wd:Q14507972},SELECT ?answer WHERE { ?statement1 <http://www.w3.org/1999/02/22-rdf-syntax-ns#subject> <http://wikidata.dbpedia.org/resource/Q723790> . ?statement1 <http://www.w3.org/1999/02/22-rdf-syntax-ns#predicate> <http://www.wikidata.org/entity/P86>. ?statement1 <http://www.w3.org/1999/02/22-rdf-syntax-ns#object> ?answer . ?statement2 <http://www.w3.org/1999/02/22-rdf-syntax-ns#subject> ?answer. ?statement2 <http://www.w3.org/1999/02/22-rdf-syntax-ns#predicate> <http://www.wikidata.org/entity/P25> . ?statement2 <http://www.w3.org/1999/02/22-rdf-syntax-ns#object> <http://wikidata.dbpedia.org/resource/Q14507972> . },E REF ?F . ?F RFG G,What is the musical rating by means of Missa Solemnis that has mother Maria Magdalena van Beethoven?,SELECT ?answer WHERE { Missa Solemnis composer ?answer . ?answer mother Maria Magdalena van Beethoven},"Who is the composer of Missa Solemnis, who was also the mother of Maria Magdalena van Beethoven?",0.0,0,0.83664346,0.1992340565813792
what is the {point in time} for {Robert De Niro} has {residence} as {Marbletown} ?,6819,statement_property,3264,When did Robert De Niro reside in Marbletown?,SELECT ?value WHERE { wd:Q36949 p:P551 ?s . ?s ps:P551 wd:Q3708911 . ?s pq:P585 ?value},"select distinct ?value  where {
?statement <http://www.w3.org/1999/02/22-rdf-syntax-ns#subject> <http://wikidata.dbpedia.org/resource/Q36949> .
?statement <http://www.w3.org/1999/02/22-rdf-syntax-ns#predicate> <http://www.wikidata.org/entity/P551> .
?statement <http://www.w3.org/1999/02/22-rdf-syntax-ns#object> <http://wikidata.dbpedia.org/resource/Q3708911> .
?statement <http://www.wikidata.org/entity/P585> ?value. 
} 
",(E pred ?Obj ) prop value,When did Robert De Nirolive in Marbletown?,SELECT ?value WHERE { Robert De Niro p:P551 ?s . ?s ps:P551 Marbletown . ?s pq:P585 ?value},What is the birthplace of Robert De Niro?,1.0,0,0.6599591,6.484592771860512e-155
Give me {organization} that contains the word {zollkriminalamt} in their name,23339,string matching simple contains word,2519,Tell me organization whose name has the word  zollkriminalamt  in it.,"SELECT DISTINCT ?sbj ?sbj_label WHERE { ?sbj wdt:P31 wd:Q43229 . ?sbj rdfs:label ?sbj_label . FILTER(CONTAINS(lcase(?sbj_label), 'zollkriminalamt')) . FILTER (lang(?sbj_label) = 'en') } LIMIT 25 ","SELECT DISTINCT ?sbj ?sbj_label { ?statement1 <http://www.w3.org/1999/02/22-rdf-syntax-ns#subject> ?sbj . ?statement1 <http://www.w3.org/1999/02/22-rdf-syntax-ns#predicate> <http://www.wikidata.org/entity/P31> . ?statement1 <http://www.w3.org/1999/02/22-rdf-syntax-ns#object> <http://wikidata.dbpedia.org/resource/Q43229>. ?sbj rdfs:label ?sbj_label . FILTER(CONTAINS(lcase(?sbj_label), 'zollkriminalamt')) . FILTER (lang(?sbj_label) = 'en') } LIMIT 25", <?S P O ; ?S instanceOf Type ; contains word >,Let me know organization whose title has the word zollkriminalamt in it.,"SELECT DISTINCT ?sbj ?sbj_label WHERE { ?sbj instance of organization . ?sbj rdfs:label ?sbj_label . FILTER(CONTAINS(lcase(?sbj_label), 'zollkriminalamt')) . FILTER (lang(?sbj_label) = 'en') } LIMIT 25 ","What is the name of an organization that has \""Zollkriminalamt\"" in its title?",1.0,1,0.87513965,1.4347128449946335e-231
What is the {state} with the {MAX(inflation rate)} whose {member of} is {International Centre for Settlement of Investment Disputes}  ?,3127,rank,326,Which member state of the International Centre for Settlement of Investment Disputes has the maximum inflation rate?,select ?ent where { ?ent wdt:P31 wd:Q7275 . ?ent wdt:P1279 ?obj . ?ent wdt:P463 wd:Q899770 } ORDER BY DESC(?obj)LIMIT 5 ,"select ?ent where {
?ent <http://www.wikidata.org/entity/P31> <http://wikidata.dbpedia.org/resource/Q7275>.

?statement1 <http://www.w3.org/1999/02/22-rdf-syntax-ns#subject> ?ent .
?statement1 <http://www.w3.org/1999/02/22-rdf-syntax-ns#predicate> <http://www.wikidata.org/entity/P1279>.
?statement1 <http://www.w3.org/1999/02/22-rdf-syntax-ns#object> ?obj1.

?statement2 <http://www.w3.org/1999/02/22-rdf-syntax-ns#subject> ?ent .
?statement2 <http://www.w3.org/1999/02/22-rdf-syntax-ns#predicate> <http://www.wikidata.org/entity/P463> .
?statement2 <http://www.w3.org/1999/02/22-rdf-syntax-ns#object> <http://wikidata.dbpedia.org/resource/Q899770> .

}
ORDER BY DESC(?obj1)
LIMIT 5",?E is_a Type. ?E pred Obj. ?E-secondClause value. MAX (value),Which country in the International Centre for Settlement of Investment Disputes has the highest inflation rate?,select ?ent where { ?ent instance of state . ?ent inflation rate ?obj . ?ent member of International Centre for Settlement of Investment Disputes } ORDER BY DESC(?obj)LIMIT 5 ,"Which states have the highest inflation rates and are also members of the International Centre for Settlement of Investment Disputes, in descending order?",1.0,0,0.9224496,0.3725748409395151
